English,Kikuyu
Which varieties of coffee are grown in the Kenya?,Nī mīthemba īrīkū ya kahūa īkūragio gūkū Kenya?
"SL 34 suitable for high altitude area;SL 28 at a spacing of 9ft by 9ft suitable for medium to high altitude area, has good rooting system, high yielder but susceptible to diseases.","SL 34 īrīa īhandagūo kūndū kūrīa kūrī irīma; SL 28 īhandagūo na ūtaganu  wa fiti kenda gwa kenda na yagīrīire kūhandwo kūndū kūrīa kūrī irīma, īkoragwo na mīri mīega, īgīaga na magetha maingī no nīinyitagwo nī mīrimū raithi."
"K7 suitable for low altitude area, has good rooting system, high yielder but susceptible to diseases.","K7 nīyagīraga kūndū kūrīa gūtarī igūrū mūno, īkoragwo na mīri mīega, īciaraga mūno noo nīīnyitagwo nī mīrimū raithi."
"Ruiru 11 is suited to all coffee growing zones in Kenya at a spacing of 6ft by 6ft. It is a high yielder, has best population per unit, high disease tolerance but with poor rooting system.","Mūthemba wa Ruiru 11 ūhandagwo kūndū guothe kūrīa gūkūragio kahūa Kenya na ūtaganu wa futi ithathatū gwa ithathatū. Nīūkoragwo na maciaro maingī, na ūkoragwo na ūhoti mūnene wa kūhūrana na mīrimū noo ndīrī mīri mīega mūno."
"Batian is the newest variety in the country, is suited to all coffee growing zones in Kenya, a high yielder, has good population per unit, moderate disease tolerance but with moderate rooting system.","Batian nī mūthemba ūrīa mūerū mūno būrūri-inī ūyū, nīūhandagwo kūndū guothe kūrīa gūkūragio kahūa Kenya, nīūciaraga mūno, nīūhandagwo itina nyingī harī īka, nīūhotaga gūitiria mīrimū na nīngīūkoragwo na mīri ītambaga kūndū kūnene."
Which is the recommended spacing for coffee?,Itina cia kahūa ciagīrīirwo gūtaganūkanio atia hīndī ya kūhanda?
Different varieties require different spacings.,Mīthemba ngūrani ya kahūa īhandagwo na ithimo ngūrani
"Ruiru 11 spacing of 6ft by 6ft. It is a high yielder, has best population per unit, high disease tolerance but with poor rooting system.Batian is at a spacing of 7ft by 8ft.","Mūthemba wa Ruiru 11 wagīrīire ūtaganu wa fiti 6 kwa 6 na nīūrīmaciaro maingī oharī gītina, ūhandagwo itina nyingī harī īka, nī wītiragia mīrimū no mīri ndītheremaga wega. Batian yendaga ūtiganu wa fiti mūgwanja kwa inyanya."
Which is the best coffee variety to plant?,N īmūthemba ūrikū mwega wa kahūa kūhanda?
The best variety to plant will depend on the zone as different varieties are suited for different ecological zones.,Mīthemba īrīa mīega ya kūhanda īcagūragwo kūringa na rīera rīa matūra na tīīri.
"However Ruiru 11 is a high yielder, has best population per unit, high disease tolerance but with poor rooting system,  it is suited to all coffee growing zones in Kenya .","Ona Kūrī ūguo,mūthemba wa Ruiru 11 nīūciaraga mūno, ūhandagwo itina nyingī harī īka, nīūhotaga gwītiria mīrimū noo mīri ndītheremaga ūrīa kwagīrīire. Ruiru 11 nīihandagwo matūra mothe kūria kahūa kahandagwo."
"Other coffee varieties commonly grown are SL-28, SL-34, K7, Ruiru 11 and Batian.","Mīthemba īngī ya kahūa īrīa īhandagwo mūno nī SL-28, SL- 34, K7, Ruiru 11, na Batian."
What is SL variety?,Hihi mūthemba wa SL nī ūrīkū?
SL is a coffee variety suitable for middle altitudes.,SL nī mūthemba wa kahūa ūrīa ūkūraga wega kūndū gūtarī irīma nene kana mīaragano-inī.
"It's known as SL since it was selected in former Scott Laboratories- Now Kabete,Kenya.","Mūthemba ūyū wītagwo SL kuumana na kīhumo kīagwo kīrīa nī Scott Laboratories, īrīa ūmūthī yūīkaine ta Kabete Kenya."
The strain has a long stem which is suitable for absorbing more nutrients from the soil.,Mūthemba ūyū nī mūraihu ūndū ūrīa ūtūmaga ūhote kūrīa irio nyingī kuuma tīīrī-inī kwa wīingī.
"The SL 28 cultivar was selected at the former Scott Laboratories (now the National Agricultural Laboratories, NARL situated at Kabete) on a single tree basis from the Tanganyika Drought Resistant variety selected in Northern Tanzania in 1931.","SL 28 yacagūrirwo kuuma mūgūnda-inī wa Scott Laboratories īrīa rīū niyo National Agricultural Laboratories, NARL Kabete na waciarithanirio kuuma kūrī mūthemba ūngī warutītwo Tanzania ya rūgongo mwaka-inī wa 1931 ūrīa ūrī ūhoti wa gūītiria wagi wa maaī."
The prefix SL in the variety name are acronymous for Scott Laboratories where the variety was selected. The name is completed by a serial number (28) for the selection. The variety is suited for medium to high altitude coffee growing zones.,SL nī ndemwa cia mbere cia Scott Laboratories na 28 nī namba ya kīrathi kia mūthemba ūyū. SL28 īkūraga wega kūndū kwaraganu ona kūrī irīma kūrīa kahūa gakūragio.
SL 34 was also selected at the former Scott Laboratories from French Mission Coffee.,Mūthemba wa SL 34 onagwo waciarithanīirio mūgūnda-inīo ūyū wa Scott Laboratories kuuma mūthemba wa Faranja.
The cultivar is adapted to high altitude areas with good rainfall.,Kahūa gaka gaciaraga wega kūndū igurū kana irīma-inī na kūndū kūrī mbura nyingī.
It is majorly characterized by dark bronze shoot tipped plants with a few green-tipped strains.,Mūthemba ūyū wīkūranite nīūndū nīūrī mathangū marī rangi wa gītīri gīcamu na ngirini.
What is Ruiru 11 variety?,Ruiru 11 nī mūthemba ūrikū wa kahūa?
Ruiru 11 variety was released in 1985. The variety name has the prefix “Ruiru” referring to the location of the Kenyan Coffee Research Station where the variety was developed.,"Ruiru 11 yarekereirio mwaka-inī wa 1985, na wetanītio na kūrīa wathundūrīirwo, Kenya Coffee Research Station."
"The name is completed by an additional two code numbers, 11.",Rītwa rīrī rīrūmīrīirwo nī namba ikūmi na īmwe.
"The first code number denotes the type of variety as a one way cross between two designated parent populations and the second number defines the sequence of release, in this case the first release.",Namba īmwe ya mbere īkoragwo īkīrūga mīrīra mūthemba wa mbegū nayo 1 ya kerī īkoragwo īkīrūgamīrīra namba harīa ya rekereirio mūtaratara-inī wa kūrekererio kwa mbeū.
The variety is not only resistant to CBD and CLR but is also compact allowing farmers to intensity production per unit land especially in high potential areas where population is high and coffee is in competition with other crops and farm enterprises required for food security and income.,"Mūthemba ūyū nīūhotaga gwītiria mīrimū ya CBD na CRL na nīngī mbegū ciagwo ikoragwo irīnyitu ikahothia mūrīmi kūona magetha maingī, makīria kūndū kūrīa gekaga wega na kūrīa itina nyingī ihandītwo o īka. kwoguo kahūa gagakorwo na ūhūrani wa mwanya gakīringithanio na mīmera īrīa īngī."
Ruiru 11 is planted at a density of 2500/3300 trees/ha compared to 1300 trees/ha for the traditional varieties.,Ruiru 11 yagīrīirwo kūhandwo gatagatī ka mīmera ngiri igīrī īmwe na magana matano nginya ngiri ithatū na magana matatū hectare-inī īmwe ūkiringithania na mītī ngiri imwe na magana matatū ya kahua mīthemba ya kīmerera.
This translates into a higher production per unit area of land.,Ūū nīkuuga atī Ruiru 11 nīrī magetha maingī kūrī mīthemba īngī.
"The variety comes into production earlier, hence earlier realization of benefits to the farmers.",Ningīkoyaga ihinda inini gūkūra na kwoguo mūrīmi akagīa magetha tene na akajia kūgūnīka.
The development of Ruiru 11 also took into consideration the importance of quality as a major marketing parameter.,"Rūirū 11 rīrīa yathondekagwo, nīgwatigīrīirwo atī mūcamo nī wagīkīro kīa igūrū ota ūrīa thoko yendaga."
"Since the quality of the traditional varieties was already popular among consumers of Kenyan coffee, Ruiru 11 was developed with quality attributes similar to the traditional varieties.","Na rīu tondū kahūa ga kīmerera nī kamenyeretwo nīanyui kenya, Ruiru 11 yathondekirwo na mūcamo ūhanaine na wa kahūa ga kīmerera"
"It's also compact. therefore, more stems can be accommodated per unit area.",Itina cia kahūa gaka onacio nīitumanagio rīrīa ikūhandwo.
Which type of coffee grows well in high altitude zones?,Nī mūthemba ūrīkū wa kahūa ūkūraga wega kūndū kwīna irīma?
Arabica coffee does well in high altitude areas. SL 34 – high coffee zone with good rainfall.,Mūthemba wa Arabica ūkūraga wega kūndū kwīna irīma. SL 34 nayo īgakūra wega kūndū kūrīa kūhandagwo kahūa na kūrī mbura nyingī.
Ruiru 11 can also be grown in all coffee growing areas,Ruiru 11 nī mūthemba ūngīkūra wega kūndū o guothe kūhandagwo kahūa
What is the difference between Ruiru 11 and Batian?,Ngūrani ya Ruiru 11 na Batian nī īrīkū?
Ruiru 11 is suited to all coffee growing zones in Kenya at a spacing of 6ft by 6ft.,Ruiru 11 nī mūthemba ūkūraga kūndū guothe kahūa gakūragio na itina itaganagio na fiti ithathatū gwa ithathatū.
Batian is the newest variety in Kenya and it is suited to all coffee growing zones in Kenya at a spacing of 7ft by 8ft.,Batian naguo nī mūthemba mwerū mūno Kenya na nīūrakūra wega kūndū guothe kūhandagwo kahūa na ūhandagwo na ūtaganu wa fiti mūgwanja kwa inyanya.
Where to buy coffee seeds and seedlings?,Ingīgūra mbegū kana mīūngūrwa ya kahūa kū?
Certified seed is only available from CRI-Ruiru centre.,Mbegū irīa ikinyanīirie ikīro cionekaga CRI Ruiru.
"Select seedlings that are about 30 - 40 cm tall, with 1 - 2 pairs of primary branches and that should have undergone sufficient hardening",Ūthure mīūngūrwa īna ūraihu wa sentimita mīrongo ītatu nginya mīrongo īna na īkorwo na kahonge kamwe kana twīīrī twīnahinya.
Where is Robusta coffee grown in Kenya?,Kahūa mūthemba wa Robusta ūkūragio kū kenya?
"Robusta coffee is currently grown in 5 counties (Kisumu, Homabay, Siaya, Bungoma and Busia) with a potential of expansion to Kilifi and Kwale counties in the coastal region.","kahūa mūthemba wa Robusta ūkūragio thīinī wa county ithano iria nī Kisumu,Homabay, Siaya, Bungoma na Busia.Kwīna ūhotekū wa mūthemba ūyū wa kahūa ūkorwo ūgīkūrio Kilifi na Kwale gīchūa-inī."
Why is coffee grown at high altitudes better?,Nīkīī gītūmaga kahūa gakūrīirio irīma-inī kagīe mūcamo mwega?
"The altitude is closely related to the latitude of the region which affects the temperature, and this directly affects the quality of the coffee bean.","O ūrīa ūrambata irīma-inī, noguo rīera rīcenjagia na makīria uhehu ūkaingīha. ūndū ūyū nīūtūmaga kahūa gakorwo na ngūrani na mūcamo ūgacenjia."
"When grown in lower temperatures, the beans take longer to develop, resulting in more complex and delicious flavors. This creates denser beans that roast more evenly and produces a better cup of coffee.","Nīūndū wa rīera kūheha, mbegū nīcioyaga kahinda karaihu gūkūra na kuoguo igakorwo irī nyitu, igakorwo na mūcinīre ūiganarīirie na gīkombe gīako gīgakorwo na mūcamo mwega."
How long does Ruiru 11 coffee take to mature?,Mūthemba wa Ruiru 11 woyaga kahinda kaigana atia kūruta maciaro ma mbere?
"Compared with other varieties, which are more slow-growing, Ruiru 11 generally produces its first harvest within two years of planting.",Mūthemba ūyū wa kahūa ka Ruiru 11 nīūkūraga narua ūkīringithanio na mīthemba īyo īngī tondū ūrūtaga maciaro ma mbere thutha wa kahinda ka mīaka īrī.
How many kgs can one coffee tree produce?,Gītina kīmwe gīa kahūa kiagīrīire gūciara kilo cigana?
"The yield per tree depends on the variety, ecological factors, agronomic practices among others.","Gūciara gwa kahūa kūringanaga na mūthemba wa kahūa ,rīera rīa itūra, mūtungatīre, gatagatī ka mangī maingī."
"Generally, Coffee trees produce an average of 2.5kg of berries per year, yielding around 0.5kg of green coffee or the equivalent of 0.4kg of roasted coffee, which corresponds to about 40 cups of beverage","Kaingī, mūtī ūmwe wa kahūa ūciaraga kiro igīrī na nuthu o mwaka iria nī nuthu kiro ya kahūa ka green kana ngiramu 400 ma kahūa gacine karīa kangīthondeka ikombe mīrongo īna cia kahūa."
How much is Ruiru 11 coffee seedlings in Kenya?,Mīūngūrūa ya kahūa ka Ruiru 11 yendagio ata?
Grafted ruiru 11 seedlings available at ksh 60 per. stem,Mūngūrwa ūmwe wa kahūa ka Ruiru 11 wendagio shiringi mīrongo ītandatū.
Where does coffee grow best?,Nīkū kahūa gakūraga wega makīria?
"The optimal coffee-growing conditions include cool to warm tropical climates, rich soils.","Kahūa gakūraga wega kūndū gūtarī kūhio mūno, kūhehu no ūrugarī mūnini na tīīri mūnoru."
How to make a nursery bed for coffee?,Natharī ya kahūa īthondekagwo atīa ?
"Prepare 4ft (wide) x 10ft (long) beds. Mix 1 (composted bio-slurry) : 10 (black loam soil). Plant the coffee beans at shallow depth. Water the beds, then mulch",Harīria handū harī na wariī wa fiti inya na ūraihu wa fiti ikūmi (tukania thumu wa ng'ombe na tīīri mūirū kwa icūnje 1 gwa 10). Enja marima matarī mariku mūno na ūhande mbegū cia kahūa. Itīīrīria maaī na ūhumbīre na mahuti.
How do I raise coffee nursery?,Ingīhota atīa gūtungata natharī ya kahūa?
"Preparing the nursery plot. Choose a bigger, flat and fertile plot next to the seed plot.","Kūharīria natharī ya kahūa kūbataraga handū hena wariī, haraganū na hena tīīri mūnoru."
"Make beds of soil 1.2 metres wide, with 60-centimetre paths in between.",Thondeka natharī cia wariī wa mita 1.2 ugītigaga tūcīra twa sentimita 60 gatagatī gacio.
How to take care of coffee seedlings in a nursery?,Tūngītūngata atia mīūngūrwa ya kahūa ī natharī-inī?
Use planting materials from known sources to ascertain genetic purity. Source seed ONLY from the coffee research institute .,Gūra mīūngūrwa kuuma kambuni iria iramenyeka nīgūo ūkorwo na ūma wamūkūrire wacio. Gūra tu kuuma kwa Coffee Research Institute
The Potting mixture should be free from either biological or chemical contaminants.,Mūtukanio wa harīa mīūngūrwa īkūhandwo hatigakorwo na indo cia gūthūkia ta tūtambi kama thumu.
Establish nurseries in pollution free  environments.,Thondeka natharī haraihu na kīndū ogīothe kīngīthūkia.
Put a shade at 1.2 m (4 ft) above the poly bed • Provide dense shade initially •,īkīra kīruru kīa ūraihu wa mita 1.2 kana futi 4 na ūtumanie thikū cia mbere.
Harden seedlings by gradually reducing the shade.,Ehereria kīruru kahorakahora nīgūo komīrīrie.
Reduce shade by half when seedlings are • 8 –9 months old,Eheria nuthu ya kīruru mweri wa kanana nginya wa kenda.
Remove shade completely one month before transplanting.,Eheria kīruru gīothe mweri ūmwe mbere ya gūgatwara kūhanda mūgūnda.
Use ONLY recommended pesticides to control pests and diseases.,Tūmīra dawa cia tūtabi na mīrimū iria hetūkīe.
When coffee seedling moved to the nursery?,Mīūngūrwa ya kahūa īrutagwo natharī-inī rī?
"Six weeks after sowing, the little plant comes up from the soil.",Mbegū ya kahūa yumīraga wiki ithathatū kuuma mūthi ūria yahurirwo.
"When the seedlings are three months old, the first two leaves are well developed.","Thutha wa mīeri itatū, mathangū meerī ma mbere magakorwo methondekete wega."
This is the moment to take the seedlings out of the seed beds and to transplant them into a nursery.,Rīrī nīrīo ihinda rīega rīa gūthamia mīūngūrwa yaku na gūtwara natharī-inī.
"In removing the seedlings from the seed beds, be very careful not to break the roots",Ūgīthamia mīūngūrwa yaku ūmenyerere ndūkaunange mīri.
How long does the coffee seedlings stay in a nursery?,Mīūgūrwa ya kahūa īikaraga natharī-inī ihinda rīigana atīa?
"4 to 5 months if you want to plant them during the next rainy season, 12 months or more if you want to plant them only next year.","Mīeri īna nginya ītano ungīenda kūhanda ihinda ria mbura njūku, kana mīeri ikūmi na īri ūngīenda kūhanda mwaka ūkīte."
"When you remove the coffee tree seedlings from the nursery bed in order to plant them in the plantation, be very careful not to break the roots.",Ūgīthamia mīūngūrwa kuuma natharī-inī ūgītwara mūgūnda menyerera kuunanga mīri.
What is the best method for propagating coffee plants?,Nī njīra irīkū njega cia gūciarithania kahūa?
Select a straight shoot that's about 8 to 10 inches long and remove all but a pair of upper leaves.,Thuura thuna ciothe nūngarū cia ūraihu wa iji inyanya nginya ikūmi na ūmībure ūgītigagīa mathangū merī.
"Then, plant the cutting in a small pot of soilless potting mix, and keep the soil slightly moist.",Ūcoke ūhande thīinī wa tūnyūngū na ūige tīīri na ūgūnyu mūnini.
"When you can gently tug on the plant and feel resistance, you'll know roots have formed.","Ūngīgeria kūgūcia mīūngūrwa naigūru taarī kūmunya, wīigue nī mūnyitu, ūmenye mīri nīyanjītie gūikīra."
Can coffee be propagated by cutting?,Kahūa no gaciarithanio na irūngo?
The cutting should be about 6 inches long with at least two leaves.,Tinia thuna ya ūraihu wa iji ithathatū na īkorwo na mathangū meerī.
Snip off the stem with a diagonal cut.,Ūcoke ūtinie gītina wūinamītie
Step 4: Remove the leaves from the bottom third of the cutting.,Gīkīro gia kana: Ūcoke ūbure mathangū kuuma nathī ūgītigagia manini.
"Dip the cut end in rooting hormone, then plant the cutting in the hole",Ikia thuna yaku dawa-inī ya guteng'eria mīīri ūcoke ūhande irima-inī.
How is coffee propagated?,Kahūa gaciarithanagio atīa?
"Coffee can be vegetatively propagated either by grafting, stem-cutting or seed","Kahūa no gaciarithanio na njīra ya kūhūthīra irūngo, kuohithania, kana ona mbegū"
How do you transplant the coffee seedlings to the farm?,Wagīrīirwo gūthamia mīūngūrūa ya kahūa atīa kuuma nathari-inī ūgītwara mūgūnda-inī?
Prepare the new planting site by loosening the soil and adding compost or other organic matter to improve the soil structure and fertility.,Hariīia mūgūnda na njīra ya kūrīma na wīkire thumu wa mahiū kana wa mabūthū ma mahuti nīgūo wongerere ūnorū wa tiri ūcio.
Choose a location that receives plenty of sunlight and has well-drained soil.,Handa handū hakinyagīrwo nī riūa wega na hatangīaraha maaī.
"When the seedlings are ready, dig a large enough hole to accommodate the seedling’s root system without crowding it.","Mīūngūrwa yarīkia kūharīrio, enja irima inene rīkūiganīra mīīri wega ūndū ītekūhatīkana."
"Gently loosen the seedlings roots and position it in the hole, ensuring that the top of the root ball is level with the surrounding soil.","Tanganura mīīri ya mīūngūrwa ūmenyereire, na ūmīikie marima-inī ūtegūkīria haria tīīri ūrakinyīte."
"Fill in the hole around the roots, and firm the soil gently to remove any air pockets.",Mīthike ugīkindagīra tīīri kahora kahora nīgūo kūruta rīera rīria rīngikorwo thīinī.
What are the conditions for coffee growing?,Kahūa karabataraga maūndū marīkū nīgetha gakūre wega?
"Most coffee grows at altitudes between 1400 and 2000 metres in deep, well-drained volcanic soils.","Kahūa kaingī gakūraga wega matūra-inī marīa marī mita 1400 nginya 2000 igūrū wa iria, na ningī tīīri-inī mūriku mūtune wa volcanic woikūrūkagia maaī wega."
Temperatures range from 15 to 24 degrees and average rainfall ranges from 900–1200mm.,Ningī kūndū kūrī na ūrugari wa ikīro cia ndigirii ikūmi na ithano nginya mīrongo īrī na ithano na mbura ya ikīro icia milimita 900-200.
What to consider when selecting a site for coffee planting?,Wagīrīirwo nīkūrora maūndū marīkū ūgīthura mūgūnda wa kūhanda kahūa?
The soil must have a good structure so that the roots can penetrate well.This is because coffee trees have  tap roots.,tīīri wagīrīirwo nīgūkorwo na mūmbīre mwega nīguo kūhotithia mīri ya kahūa gūtonya wega. Ūū nīūndū mītī ya kahūa īkoragwo na mīri ya itimū.
The tap root goes straight down into the soil.,Mīri īno ya itimū īmeraga irūngarīte na gwūikūrūka haraya thīinī wa tīīri.
You can improve the soil structure by spreading manure around the base of the coffee trees.,No wagīrie mūūmbīre wa tīīri na njīra ya gwīkīra thumu itina-inī cia mītī ya kahūa.
"The soil must be deep, so that the roots can go down deep.
Never plant coffee trees in soil which has a hard layer, or, if you do, break up the hard layer","No mūhaka tīīri ūkorwo mūriku nīguo mīri īhote kwīngīra handū haraya. Ndūka hande kahūa handū harī na tīīri mūnyitu, na wakorwo no mūhaka, nīwega kūhaciba."
How to prepare land for planting coffee?,Mūgūnda wa kūhanda kahūa ūharagīrīo atia?
Land preparation should be done early about 6 months prior to planting by clearing existing vegetation and getting rid of tree stumps and roots.,"Mūgūnda ūharagīrio mīeri ītandatū mbere ya kūhanda, weherie mahuti, ithukī na mīri yothe."
If the farm is heavily forested gradually dry existing trees about a year before planting.,"Angīkorwo mūgūnda wīna mītī mīingī, hebata kūmīeheria mwaka ūmwe mbere ya kūhanda kahūa."
"Prepare the land well in advance, digging out all tree stumps, roots, bushes and grasses.","Harīria mūgūnda wega tene, ūkīmunyaga ithukī, mīīri, mahuti ona nyeki."
"Land cleared of trees within 6 months should not be used for coffee planting because of the risk of Armillaria, a fungal disease that causes root rot.",Mūgūnda ūtaninīte mīeri ītandatū ndūbatiī kūhandwo kahūa nīūndū wa ūgwati wa mūrimū wa Armillaria ūrīa ūtūmaga mīri ībuthe.
Ensure soil analysis is done to determine the inherent soil condition.,Tigīrīra tīīri nī mūthime nīguo ūmenyeke ūria ūhana.
Make terraces or other soil conservation structures where the land has steep slopes.,Thondeka beji kana mīako īngī kūrīa kūinamu.
Protect bench terraces by planting grasses e.g. Blue grass (Paspulum notatum) on the bench faces,Gitīra beji na njīra ya kūhanda nyeki ta mūthemba wa Blue grass (Paspulum notatum) mīthia-inī.
What is the best way to grow coffee?,Nī njīra īrīkū njega makīria ya gūkūria kahūa?
Leave 3 metres between trees. In this way you can plant about 1 000 coffee trees per hectare.,"Tiga ūtaganu wa mita ithatū kuuma gītina gia kahūa nginya kīria kīngī. Kwa njīra ino,no ūhande itina ngiri īmwe harī hectare īmwe ya mūgūnda."
Before planting the coffee seedlings you must dig holes in order to stir the soil and loosen it. Dig the holes two months before planting the coffee trees.,"Mbere ya kūhanda mīūngūrūa, enja marima na ūtūkanie tīīri mīeri īrī mbere ya kūhanda."
How to plant coffee seedlings?,Mīūngūrwa ya kahūa yagīrīire kūhandwo atīa?
"Before planting, the seeds should be soaked in water for 24 hours to soften the seed coat and encourage germination.","Mbere ya kūhanda, mbegu ciagīire kūrindwo maai-inī mathaa 24 nīguo ihūthie ngothi na imere na ihenya"
What is the recommended spacing of coffee?,Kahūa kagīrīire gūtigithūkanio atīa hīndī ya kūhanda?
Which is the best type of soil to plant coffee?,Nī tīīri ūrīkū mwega wa kūhanda kahūa?
"Coffee can be grown on many different soil types, but the ideal is a fertile, volcanic red earth or a deep, sandy loam.","Kahūa nogakūre tīīri-inī ūtiganīte no ūrīa mwega mūno nī tīīri ūrīa wīna ūnoru, mūtune kana volcanic red soil, na sandy-loam."
What is the soil pH for coffee cultivation?,Ūrūrū mwega wa tīīri wa kūhanda kahūa nī ūrīkū?
Coffee prefers a soil with pH of 5 to 6.,Kahūa kagīraga tīīri-inī ūrī na ūrūrū wa gatagatī wa gīthimo gia pH gia kuuma ithano nginya ithathatū.
Is it advisable to bend newly transplanted coffee to produce more branches?,Nīwega kūinamia gītina gīa kahūa nīguo kīrute honge nyingī?
Newly planted should be cut within the first two primaries to allow strong double shooting,Wagīrīirwo gūtinia gītina kīambere nīguo kīrute honge ingī nyingī na irīna hinya.
"What is the recommended spacing SL 34, SL 28, and K7 coffee seedlings varieties?","Kahūa mīthemba ya SL34, SL28 na K7 yaragīrīirwo gūtigithūkanio atīa īkīhandwo?"
"SL 34, SL 28, and K7 varieties, the spacing should be 2.74m x 2.74m (9ft × 9ft).","Mīthemba ya SL 34,SL28, and K7 yagīrīirwo nī ūtaganu wa mita 2.74 gwa 2.74 kana (futi 9 gwa 9)."
How many coffee trees can be planted in an īka?,īka imwe ībatiī kūhandwo itina cigana cia kahūa?
"1380-2000 trees per īka depending on the arabica variety; in the case of Robusta, plant between 253-675 trees per īka",Itina ngiri īmwe na magana matatū ma mīrongo īnana nginya ngiri igīrī cia mūthemba wa Arabica kana itina magana meerī ma mīrongo ītano na ithatū nginya magana matandatū ma mīrongo mūgwanja na ithano cia mūthemba wa Robusta.
How many Ruiru coffee trees per īka?,Wagīrīire kūhanda itina cigana cia kahūa mūthemba wa Ruiru harī īka imwe ya mūgūnda?
Ruiru II requires a spacing of 2×2 meters (6.6 by 6.6 feet).,Mūthemba wa Ruiru II wagīrīire ūtaganu wa mita igīrī kwa igīrī kana futi ithathatū gwa ithathatū. Ūū nīkuga ūkūhanda itina ngiri igīrī na magana matano harī hectare īmwe kana ngiri imwe na ikūmi na igirī īka-inī īmwe.
"With this spacing, it will translate to 2,500 Ruiru II coffee trees per hectare (1,012 coffee plants per īka).",Ūū nīkuga ūkūhanda itina ngiri igīrī na magana matano harī hectare īmwe kana ngiri imwe na ikūmi na igirī īka-inī īmwe.
What is the recommended spacing of Ruiru 11 coffee seedlings?,kahūa ka Ruiru 11 kagīrīirwo kūhandwo na ūtaganu wūigana atīa?
"Ruiru 11 variety, the spacing should be 2m x 2m (6.6 ft. x 6.6 ft.)",kahūa mūthemba wa Ruiru 11 kagīrīire kūhandwo na ūtaganu wa mita igīrī kwa igīrī kana futi 6.6 gwa 6.6.
What is the recommended spacing of Batian coffee seedlings?,kahūa mūthemba wa Batian kagīrīirwo kūhandwo na ūtaganu wūigana atīa?
"Batian variety, the spacing should be 2.1m x 2.5m (7ft x 8 ft.).",kahūa mūthemba wa Batian kagīrīire kūhandwo na ūtaganu wa mita 2.1 kwa 2.5 kana futi 7 kwa 8.
"When you want to change cycle, what height of stump should you leave?","rīrīa ūkwenda kūgarūra kahūa, wagīrīire gūtiga gīthūkī kīna ūrahu woigana atīa?"
Cut stems about 25-30 cm from ground at angle of 45 degrees slanting outwards,Ceha honge gatagati ka ūraihu wa sentimita 25-30 kuuma thīna ūgītinagia na ango ya 45° ūrutītie na nja .
How to prune coffee in Kenya?,Hihi mūcehere mwega wa kahūa gūkū Kenya nī ūrīkū?
Cut off the top of the tree so that the coffee tree is not taller than 1.5 to 2 metres.,ceha kahūa gaku mūtwe nīguo gatigakīrie ūraihu wa mita imwe na nuthu nginya mita igīrī.
Remove the branches at the bottom of the trunk.,Ruta honge iria irī gītina-inī.
Leave only the thickest and best branches on the trunk.,Tigia honge iria ndungu na irī na riri.
"Cut away all the small branches that grow on the trunk. Cut away all the small branches that grow on the trunk. Cut away all the dead and dry branches, and all diseased branches. Cut away suckers; they are not needed.","Tinia iria njeke na nini. Ruta honge iria nguo, iria ciumīte na iria ndwaru. Ruta thuna ciothe tondū itirī na bata."
When to prune coffee plant?,kahūa kagīrīirwo gūcehwo kahinda karīkū?
"Coffee plants can be pruned in the early stages of growth by cutting back the growing tip to encourage lateral branching, this will promote more flowers and fruits.",kahūa no gūcehwo karīo kanini na njīra ya gūkarenga kīongo nīgūo honge cia mwena ciitīkīre gūkūra na ihote kūruta mahūa na matunda maingī.
Mature plants can be cut back quite hard every three years to manage size and encourage lateral growth.,Mītī mīkūrū noicehagwo o thutha wa mīaka ītatū nīguo kūgiria īnenehe mūno na honge ingī njerū ciūre.
Why is it important to prune coffee trees?,Bata wa gūceha kahūa nī ūrīkū?
Pruning and stumping help to improve the health and yield of your coffee plants.,Gūceha na kweheria honge ciothe cia kahūa iria ītarī na bata nīgūcokagia riri wako na gakahota kugīa na maciaro maingī.
"Coffee cherry production naturally decreases with age, exhaustion, and phytosanitary problems, but this kind of maintenance can help to maintain or boost productivity levels throughout the years.",Gūciara gwa kahūa gūthiaga nathī o ūrīa karakūra na gakanoga no gūceha nīgūteithagia kuongerera magetha mwaka wothe.
How to mulch coffee?,kahūa karagīrwo mūceng'i atīa?
"It can be done using sisal waste, coffee pruning, and maize or banana trash.","No ūhūthīre ngurura cia makongo ma mīrura, mahuti ma mīceho ya kahūa, mabebe kana macoya ma marigū."
"Mulching has several benefits to coffee e.g. conservation of moisture during dry spells, suppression of weed growth, nutrient supply, improvement of soil structure and water infiltration, checking of soil erosion and topsoil temperature as well as reduction of pests’ incidence, e.g. thrips.","Mūceng'i īrehaga baita nene, kwa mūhiano, gūteithīrīria kūiga maaī tīīri-inī rīrīa gwī kūūmū, kūgiria ria rīkūre, gūtuīka thumu rīrīa mahuti macio mabutha , gūthondeka mūmbīre wa tīīri ona kūgiria tīīri gūkuo nī kīguo, kūnyihia ūrugarī wa tīīri ona ningī nīūrigagīrīria tūtambi ta thrips gūtherema."
When does coffee mature after planting?,kahūa kajagia gūcara thutha wa kahinda kaigana atīa?
"Coffee tree reaches maturity after 4 – 7 years, when it begins to bear fruit in clusters along its branches. These fruits are commonly referred to as cherries.","kahūa kagimaraga thutha wa mīaka 4 nginya 7, nīrīo kambagia gūciara matunda honge-inī. Matunda maya nīmo metagwo cherries."
How long does coffee take to grow?,kahūa koyaga kahinda kaigana atīa nīgetha gakūre?
It can take anywhere between three to four years after planting for coffee plants to bear the cherries.,kahūa nogaikare gatagatī ka mīaka itatū nginya īna nīguo kambie gūciara matunda.
"They start by producing white blossoms and around eight months later, coffee cherries will usually appear.","Kambaga kūruta mahūa meerū na thutha wa kahinda ta ka mīeri īnana, matunda makambīrīria kuoneka."
The cherries contain the coffee seeds or more commonly recognised as the coffee beans.,matunda maya nīmo makūīte mbegū iria ciūīkaine ta coffee beans
Which is the recommended way to weed a coffee farm?,Kahūa kagīrīire kūrīmīrwo atīa?
Do hand weeding around the young trees.,Kamunyīre ria itina-inī cia mītī īrīa mīnini.
Use implements like the half-moon jembe to weed in between the rows.,Huthīra icembe rīrīa ūkūrima gatagatī ka mīkaro.
"In the event that there are stubborn weeds like couch grass, cover the seedlings (with a bucket or bag) before spraying the weeds with a suitable herbicide.","kūngīkinyīrīra atī kwīna ria rīrīa rītahukaga raithi ta thangari, hubīra mītī na bucket kana iratathi mbere ya kūhūra dawa ya ria."
Which crops can you intercrop with coffee?,Nī mīmera īrīkū īngīhandanīrio na kahūa?
"Suitable intercrops include short leguminous crops such as beans, tomatoes and Irish potatoes.","mīmera īrīa mīega ya kuhandanīria na kahūa nī īrīa yoyaga kahinda kanini gūkūra ta mboco, nyanya na waru cia ngwacī ."
Plant the intercrops using a recommended fertilizer preferably NPK fertilizer such as 17:17:17.,Handa mīmera īno ya gatagatī ūkīhūthīra bataraitha īrīa njītīkīrie ta NPK-17:17:17.
Plant the intercrop at the middle of the inter rows at least 2 feet away from the coffee rows/stem.,Handa mīmera ino gatagatī-inī ka raini cia kahūa ūtigītie ta fiti 2 kuuma gītina-inī gia kahūa.
What to intercrop coffee with?,Kahūa kangīhandanīrio na mīmera īrīkū īngī?
"The technically and economically viable intercrops for coffee were potatoes, tomatoes, beans, and tomatoes in combination with beans.","Mīmera mīega na īrī umithio ībatiī kūhandanīrio na kahūa nī waru, nyanya hamwe na mboco."
How to maintain a coffee plantation?,Kahūa kamenyagīrīrwo atīa?
"replace seedlings that have not grown, keep the soil covered and remove weeds, prune the coffee trees correctly, apply fertilizers, protect the coffee trees from insects and diseases.","Cokereria mīūngūrwa īrīa ītanagwata, thondeka mūceng'i na urīmīre, ceha kahūa ūrīa kwagīrīire na gūkahe bataraitha, kagitīre kuumana na tūtambi na mīrimū."
How to increase coffee berry weight?,Mbegū cia kahūa ingīongererwo ūritū atīa?
"Nitrogen
Nitrogen is needed for good growth, but too much at later stages of crop maturity can compromise coffee berry size.","Nitrogen – Nitrogen nīyabata mūmera ūgīkūra, no īngīkīra kihūa gīgīkūrū, ūnene wa mbegū nīūhatīkagwo."
"Potassium
High supplies of potassium are needed during berry set and berry fill to maximize sugar accumulation in berry and eventual bean.",Potassium – Potasium nīyendagwo kwa wūīngī kahūa gagīkīra mbegū na gūteithia igīe sukari wakūigana.
Potassium has a crucial role to play in improving coffee berry size and quality through its role in the movement of sugars from the leaf for accumulation in the fruit.,Potassium īteithagia kūnenehia mbegū na kūmīhe mūcamo na njīra ya gūcitwarīra cukari kuuma mathangū-inī.
"It is mobile in the tree and during peak periods of growth – particularly fruit fill – reserves in the leaves can soon become depleted, leading to dieback.","īkoragwo igīthiūrūrūka mūmera-inī na makīria rīrīa mbegū irekīra, nīūndū ūyū, mūthithū ūrīa ūrī mathangū-inī no ūthire na kīhua kīambīrīrie kūūma."
"Boron
Foliar boron has a significant positive effect on coffee berry size – improving the quality grade of coffee beans.",Boron – Boron ya mathangū nīyabata mūno harī kūnenehia mbegū na kūhe kahūa gredi njega.
"However, foliar sprays can provide a good, in-season top-up response, raising leaf levels such that coffee production and bean quality are maintained.",ona ningī kūhūra boron o ihinda rīrīa rīagīrīire gūtūmaga mūmera ūgīe na mathangū wega ūū atī mbegū nayo igakorwo īrī na mūcamo mwega.
What are the methods of cultivation of coffee?,Njīra cia kūrīma kahūa nī irīku?
Coffee seeds are generally planted in large beds in shaded nurseries.,Mbegū cia kahūa ciambaga kūhandwo tuta-inī nene na ikagitīrwo kuumana na riūa.
The seedlings will be watered frequently and shaded from bright sunlight until they are hearty enough to be permanently planted.,Mīūngūrwa igaitīīrīrio maaī kaingī nginya īgīe hinya wa kūhandwo harīa mītī īgūkūrīra.
When does intercropping starts?,Kahūa kangīambīrīria kūhandanīrio na mīmera īngī rī?
Intercropping can be undertaken within the first two years after establishment.,Kahūa kangīambīrīria gūtukanio na mīmera īngī mīaka īrī thutha wa kūhandwo.
When to apply fertilizers to coffee?,Kahūa gekagīrwo bataraitha rī?
Apply 50g of CAN per seedling six months after planting.,īkīra grams mīrongo ītano cia CAN mīeri 6 thutha wa kūhanda.
"After one year, apply 80g of NPK e.g. 17:17:17 per tree.","Thutha wa mwaka umwe, īkīra grams mīrongo īnana cia NPK ta 17:17:17 o harī gītina gīa kahūa."
"One and half year apply 100g of CAN. At two years, apply NPK at 125g per tree.","Mīaka īrī na nuthu yathira, īkīra grams igana rīmwe cia CAN. Ningī thutha wa mīaka īrī, īkīra grams 125 cia NPK harī o mūtī."
"Subsequent applications should be as per the recommendations. For the first two years, abort the flowers to encourage vegetative growth.","Mekīra macio mangīmarūmīrīre mataaro. Mīaka īrī ya mbere, reke mahūa magwe nīguo mītī īmere honge nyingī."
Best foliar fertilizer for coffee in Kenya and when to spray?,Nī bataraitha īrīkū ya mathangū njega mūno gūkū Kenya na nīrī ībatiī kūhūrwo mītī?
Boron – promotes shoot growth and facilitates optimal flowering/fruit set.,Boron īteithagīrīria thuna kuumīra na gūteithīrīria kūruta mahūa na gwikīra mbegū .
Zinc – promotes flower bud formation and development. It also increases the coffee plant resistance to cold.,Zinc īteithagia ihūa gūthondekwo na gūkūra wega. Ningī nīgiragīrīria kīhūa gwītiria heho.
Calcium – enhances formation and growth of terminal buds/flower.,Calcium iteithagia mīthondekere ya ihūa rīa kahūa.
"Some of the best foliar fertilizers for increased flowering and bud formation include: Omex Zibo (Omex Foliar Boron) by Omex Oshbor by Osho Chemicals, Agrigrow (Zinc + Boron) by Agrichem Africa","Mabataraitha marīa mega ma mathangū marīa mateithagia kīhūa kūruta mahūa nī hamwe na Omex Zibo( omexoliar boron) ya Omex, Oshbor ya Osho chemicals na Agrigrow (Zinc + Boron) ya Agrichem Africa."
When to fertilize coffee plant?,Nī ihinda rīrīkū rīega rīa gwīkīra bataraitha kahūa-inī?
"Coffee Plants can grow several feet tall at their fullest height, so regular fertilizing and repotting can help your Coffee Plant manage healthy growth!","Mītī ya kahūa no īraihe fiti nyingīna igūrū, kwoguo gwīkīra bataraitha kaingīna kūmīthamia o ūria īrakura nogūteithie gūkūria kahūa kega!"
Fertilize with a balanced houseplant fertilizer every 2-3 months in warmer seasons. Don't fertilize in the fall and winter while the plant is resting,Hūthīra bataraitha īrīa yagīrīire o thutha wa mīeri 2 kana 3 ihinda rīa ūrugarī. Ndugekīre bataraitha hīndī ya heho nīūndū mūtī hīndī īyo ūkoragwo ūkīhurūka.
What is the fertilizer management for coffee?,Mūtaratata ūrīa mwega wa kūhe kahūa bataraitha nī ūrīkū?
"Currently, the fertilizer recommended rate (RR) for coffee is 180 Nitrogen (N)- 90 Phosphorus (P)- 180 Potassium (K).","Bataraitha yagīrīirwo gwīkīrwo kahūa-inī ta ūū -180g Nitrogen (N), -90g Phosphorus (P), - 180g Potassium (K)."
"In areas following the multiple cropping system such as Cavite and other provinces, it is recommended to apply 200-100-200 per hectare plus the needed micronutrients depending on soil analysis","Icigo-inī iria irūmagīrīra mītaratara ya gūtūkania mīmera nī ta Cavite na icigo ingī, yagīrīirwo gwīkīrwo ūū o harī hectare:200-100- 200 na kuongererwo micronutrients iria irendeka kūringana na ithimi cia tīīri."
What is the best fertilizer for coffee flowering?,Nī bataraitha īrīkū yagīrīire rīrīa kahūa karuta kīro?
Magnesium and sulfur have a positive effect on coffee yield and supplies should not be limiting throughout the season.,Magnesium na Sulphur nīiteithagia kuongerera maciro na kuoguo itibatie kwaga ihinda ona rīmwe.
Zinc and Boron are particularly important at the flowering stage to improve berry set and overall coffee yield potential.,Zinc na Boron nīciabata mūno ihinda rīa kūruta kīro nīūndū nīītūmaga mbegū cīige wega na igatūma kahūa gaciare wega.
What is the best fertilizer for coffee trees?,Bataraitha īrīa njega mūno ya mītī ya kahūa nī īrīkū?
"Coffee trees need a lot of potash, a lot of nitrogen, and a little phosphoric acid.","Mītī ya kahūa ībataraga Potash nyingī, Nitrogen nyingī na Phosphoric acid nini."
"Spread the fertilizer in a ring around each coffee tree, but be very careful not to put any on its trunk, branches or leaves.",Thiūrūrūkīria bataraitha iyo o gītina-inī gīa kahūa ūmenyereire ndugaitīīrīrie mathangū kana gītina-inī gīa kahūa.
Is urea fertilizer good for coffee?,Urea nī bataraitha njega na kahūa?
Nitrogen is the nutrient most extracted by the coffee plant and the nutrient of second greatest export by coffee beans,Nitrogen nīyo nutrient īrīa mūmera wa kahūa ūhūthagīra mūno na nīyo nutrient ya keerī īheanagwo nī mbegū cia kahūa.
Is DAP fertilizer good for coffee?,Bataraitha ya DAP nī njega harī kahūa ?
This includes both macro and micronutrients which is achieved through application of both basal and foliar fertilizers,Īno īkoragwo ītukanītie macro na micro nutrients iria ikinyanagīra thutha wa bataraitha ya mīrī na mathangū gūīkirwo.
"For an optimal production, the crop should be provided with a proper nutrition.","Nīguo maciaro maingī moneke, mūmera no mūhaka ūheyo irio cia kūigana"
When should you not use urea fertilizer?,Nī hīndī īrīkū ūtabatie kūthūthīra bataraitha ya urea?
Urea should be applied at the time of sowing.,Urea yagīrīirwo gwīkīrwo hīndī ya kūhanda.
"Since Urea is highly Nitrogen-concentrated, it should be used in combination with earth or sand before its application.","Nīgūkorwo urea īkoragwo na Nitrogen nyingī makīrīa, yagīrīire gūtukanio na tīīri kana mūthanga ītanekīrwo mūmera-inī."
Urea should not be applied when the soil contains free water or likely to remain wet for three or four days after application.,Urea ndīagīrīire gwīkīrwo rīrīa tīīri wīna maaī maingī kana ugūikara ūrī mūigū ta thikū 3 kana 4 thutha wa gwīkīrwo.
What is the best climate for coffee farming in Kenya?,Nī rīera rīrīkū rīega rīa gūkūria kahūa Kenya?
"Most coffee grows at altitudes between 1400 and 2000 metres in deep, well-drained volcanic soils.",Kahūa kaingī gakūraga gatagatī-inī ka matūra marīa mita 1400 -2000 igūrū wa iria na tīīri-inī mūtune na mūriku wūikūrūkagia maaī wega.
Temperatures range from 15 to 24 degrees and average rainfall ranges from 900–1200mm.,Ūrugarī wa gatagatī-inī ka digirii 15 na 24 na mbura ītarī nene mūno ya gatagatī-inī ka ithimo cia milimita 900 nginya 1200.
What are the stages of coffee fruiting?,Matīna ma gūkūra kwa mbegū nī marīkū?
"STAGE 1.
1-7 weeks (0 -50 days) after blooming. Slow Growth stage; the fruit is as big as the tip of a match.","ITĪNA RĪA MBERE
Wiki īmwe nginya mūgwanja(thikū 0 nginya 50) thutha wa ihūa gūcanūka. Mbegū īgakūra kahora na īgakorwo īigana ta kīongo gīa kībiriti"
"STAGE 2.
8-17 weeks (50-120 days) after blooming. The fruit grows quickly; the seed has a gelatinous consistency.","ITĪNA RĪA KEERĪ
Wiki ya kanana nginya ikūmi na mūgwanja (thikū 50 -120) kuuma Ihūa rīacanūka.Mbegū īgakūra na ihenya, na īkagīa na gelatine ."
"STAGE 3
18–25 weeks (120–180 days) after blooming. The seed completes its development, acquires a solid consistency and gains weight.","ITĪNA RĪA GATATŪ
Wiki ya ikūmi na kanana nginya ya mīrongo īrī na ītano (thikū 120-180) kuuma ihūa rīacanūka. Mbegū īkarīkia gūkūra, īkaiyūria na īkagīa na ūritū."
"STAGE 4
26–32 weeks (180–224 days) after blooming. Fruit is physiologically developed and begins to mature.
After week 32 (more than 224 days), fruit over-ripens and turns dark purple. Finally, it dries.","ITĪNA RĪA KANA
Wiki ya mīrongo īrī na ītandatū nginya mīrongo ītatū na ithathatū (thikū 180 – 224 kuuma ihūa gūcanūka. Mbegū ikambīrīria gūtuta. Thutha wa wiki 32, makīria ma thikū 224, mbegū cieruha makīria ikagarūrūka rangi igatuīka cia purple njirīrīru, na ikoma."
How to increase coffee yield and Quality?,Hihi ingīka atīa nīguo hote kūongerera magetha na kwagīrithia mūcamo wa kahūa?
The highest coffee yields are obtained on freely drained soils where water is not limiting.,"Kahūa kaingī kagethagwo tīīri-inī ūrīa ūtaigaga maaī na kūria gūtomaga mūno,"
"Thorough soil preparation prior to planting, and maintenance of pH between 5.2- 6.3, good rooting and that nutrients are readily available.","Tīīri-inī mūharīrīrie wega mbere ya kūhanda ūrī na ūrūrū wa pH ya 5.2 – 6.3, mīrita mīega na mabataro moothe ma īrīo cia mūmera nī makinyanīrie."
It is therefore important to balance the cations in the soil at this stage.,"Nīūndū ūcio, nīūndū wa bata kūiganania cations thīinī wa tīīri ihinda-inī rīrī."
Fertilizer application is essential if high coffee yield potential crops are to be secured.,Bataraitha no mohaka īkīrwo angīkorwo maciaro mega nīmagakinyanīra.
Nitrogen is essential for strong vegetative growth and to maintain good strong cherry fill for high yields.,"Nitrogen nīyabata mūno harī gwīkīra mathangū, na kuiga mītī īrī na hinya na mbegū ciiyūirie nīguo magetha maingīhe."
"Potassium promotes vigor, boosts cell strength and increases the coffee tree`s tolerance to diseases, and water or frost stress.","Potassium ītūmaga mūmera ūgīe na hinya na gūtūma cells īgīe hinya wa gwītiria mīrimū, gūtangīka rīrīa maaī manyiha kana ona mbaa yaingīha."
"Potassium is a key driver for coffee yield, important for respiration, photosynthesis and water regulation.","Potassium nīgītūmīkīnene mūno kīa magetha ma kahūa kūingīha, o hamwe na kūhuhia wega kwa mūmera, gūthondeka irio, na kūigananīria thīiniīwa maaīmūmera-inī."
"It is also important to balance potassium use to nitrogen-use, as high levels of both nutrients are needed for optimum growth.",Ningīnīwega kūiganania ithimi cia nitrogen na potassium nīūndū cierīnīibataranagia kwa wīingī.
"Phosphorus is important for early growth and rooting, particularly in the nursery and at transplanting, as well as bean fill.",Phosphorus nīyabata harī mūnenehere wa kahūa na gūthondeka mīrī mīega makīria hīndī īrīa mīungūrwa īrī tuta-inī na rīrīa ikūhandwo mūgūnda-inī na ningī kūihurīa mbegū wega.
"Especially during peak periods of demand, phosphorus foliar applications can increase coffee yields.","Makīria ma ūū, rīrīa mbegū irenda irio kwa wūingī, bataraitha ya mathangū ya phosporous nīyagīrīire mūno kūhūrwo nīguo magetha maingīhe."
"Calcium is needed to ensure good root and leaf growth, strengthening the coffee tree structure and increasing tree productivity. It is required right through berry-fill.","Calcium īhūthīkaga gūthondeke mīrī na mathangū, kūhe mītī hinya na kuongerera maciaro. Yendagwo rīrīa mbegū īrakūra."
Magnesium and sulfur have a positive effect on coffee yield and supplies should not be limiting throughout the season.,Magnesium na Sulphur itūmaga kahūa gakagīa na magetha mega na kwa ūgwo itibatie kwaga kīmera-inīgiothe.
Zinc and Boron are particularly important at the flowering stage to improve berry set and overall coffee yield potential.,Zinc na Boron ibatarainie makīria mītī īgīkīra kīro nīguo mbegū ciībange wega na magetha maingīhe.
Poor availability of any micronutrient will restrict coffee plant growth – particularly productive leaf area – and reduce coffee yield.,Kwaga kwa irio mūthemba ūyū wa micro-nutrients nīkūgiragia kahūa gūkūra mathangū wega na magetha nī manyihaga.
Other Crop Management Practices Influencing Coffee Yield The return of composed pulp or trash will serve as a mulch to conserve moisture as well as providing a source of nutrients.,Maūndū mangī mabata mahutagia mūciarīre wa kahūa nī hamwe na gūcokia ngore cia kahūa kuuma iganda mūgūnda-inī wa kahūa nīguo ikahūthīka ta mūceng'i o hamwe na kūhe mītī irio ciarīkia kūbutha.
"Maintenance of strong roots and strong growth through good pest and disease control, the use of shelters, and use of recommended crop husbandry practices, ensures maximum coffee productivity and fruit fill.","Gūbachīrīra mīrī na kūnina tūtambi na mīrimū, gwīkīra kīruru na kūrūmīrīra mataro moothe marīa tūheagwo nīgetha tūkagīa na magetha maingīn a mbegū ciyūirie."
Regular pruning is essential to thicken the tree structure and produce new branch growth with a greater number of berries.,Gūceha kaīngī gūtūmaga mūtī ūgīe hinya na ūkaruta honge njerū īria irī na ūhoti wa gūciara mbegū ingī nyingī.
"At the same time, an open canopy between trees is essential to ensure even ripening.","Hamwe na ūgwo, mītī mīcehe nīītūmaga mūmera werūhie mbegū cia kahūa wūigananīirie."
Do coffee berries mature at once?,Mbegū cia kahūa nīikūranagīra hamwe?
Coffee berries do not generally mature all at once and berries in several stages of development are found on any given tree.,Mbegū cia kahūa itikūranagīra hamwe. Nīūhūthū gūkora mbegū cia ūkūrū ūtiganīte mūtī-inī ūmwe.
What is the water requirement of coffee?,Kahūa kabataraga maaī maigana atīa?
The irrigation requirement of coffee is very high; around 101 m3 water per īka per season.,Kahūa kabataraga maaī maingī mūno kuuma gīthimi kia 101m³ harī īka o kīmera.
Which irrigation method is used for coffee?,Nīmūhere ūrīkū wa maaī ūhūthīkaga kahūa-inī?
"Drip irrigation increases coffee yields, while also improving crop quality.",Kūhe maaī na mībira ya drip nīkuongagīrīra magetha na gūgatūma mbegtū ikorwo irī njega mūno.
"In addition, drip technology leads to significant savings in water, fertilizer and labor.","Ningī, drips iteithagia kūhonokia maaī, bataraitha na wīra nīūnyihaga."
Should I water my coffee seedlings?,Miūngūrwa īrī natharī-inī nībatiī kūheo maaī?
"During dry spells, water the seedlings at least two times a week until they are well established.","Ihinda rīa riūa inene, mīungūrwa no īheo maaī maita meerī o kiumia."
Avoid over-watering to encourage proper root development.,Kūhe maaī magakīria nīkūgiragia mīrī īkūre wega.
What to do when the land is slope?,Ingīka atīa angīkorwo mūgūnda nī mūinamu?
Undertake terracing and plant stabilizing grass on the face of the terraces,Thondeka beji na ūhande nyeki mīthia-inī.
How do you manage berry moth?,Kīhuruta kīa mbegū kīhūranagwo nakīo atīa?
"Biological Solution is using Cephalonomia stephanoderis, a parasitoid wasp species that lays its eggs on the borer larvae, which helps to control the population of the pest.","Njīra ya kīmerera nīkūhūthīra Cephalonomia stephanoderis,mūthemba wa kīgi, ūrīa ūrekagīria matumbī thīinī wa kīgūnyū kīa kīhuruta, ūndū ūnyihagia ihuruta."
"Another option is using sprays of Beauveria bassiana, an entomopathogenic fungus that naturally infects and kills the coffee berry borer.","Njīra īngī nī kūhūra dawa ya Beauveria Bassiana, an entomopathongenic fungus, īrīa īrwaragia na īkoraga kīhuruta gia kahūa"
What are the common coffee diseases?,Nī mīrimū īrīkū īgūmagīra kahūa kaingī?
"Coffee rust: This is a fungal disease that attacks the leaves of the coffee tree, causing yellow or orange spots to form on the surface.",Coffee rust: nī mūrimū ūrīa ūhutagia mathangū ma kahūa makagīa na mbegū ikagīa maroro ma rangi wa ngoikoni kana orange.
"To control the disease, it is important to prune and remove infected leaves and apply a fungicide.","Nīguo kūhūrana na mūrimū ūyū, hebata gūceha mītī, kūruta mbegū iria ndwaru na kūhūra dawa mūthemba wa fungicide."
"Coffee berry disease: This is a fungal disease that affects the fruit of the coffee tree, causing the berries to turn red and black. To control it, prune and remove infected berries and apply a fungicide.","Coffee berry disease: ūyū nī mūrimū ūrehagwo ni fungus na ūhutagia mbegū cia kahūa igatuīka na maroro matūne na mairū. Nīguo kūhūrana na mūrimū ūyū, hebata gūceha mītī, kūruta mbegū iria ndwaru na kūhūra dawa mūthemba wa fungicide."
"Root rot: This is a fungal disease that attacks the roots of the coffee tree, causing them to rot and die.",Root rot: Ūyū nī mūrimū wa fungal ūrīa ūhutagia mīrita ya kahūa ūgatūma ībuthe na mūico gūkua.
It can be controlled by ensuring proper drainage and applying a suitable fungicide.,Mūrimū ūyū no ūgirīrīke na njīra ya gūtigīrīra kīguo gītinarūgama mūgūnda na kūhura dawa njega ya fungicide.
"Leaf blight: This is a bacterial disease that affects the leaves of the coffee tree, causing them to turn yellow and brown.",Leaf Blight: Ūyū nī mūrimū wa bacterial ūrīa ūhutagia mathangū ūkamagarūra rangi magatuīka ma ngoikoni na gītīri.
"To control this disease, it is important to prune and remove infected leaves and apply a bactericide to the tree.",Kūhūrana na mūrimū ūyū; Hebata wa gūceha mūtī na kweherie mathangū marīa marwaru na ūhūre dawa njega.
"Coffee mosaic virus: This is a viral disease that affects the tree leaves, causing them to develop a mottled or mosaic-like pattern.",Coffee Mosaic Virus: Ūyū nī mūrimū ūrehegwo nī virus ūrīa ūhutagia mathangū ūgatūma magīe na marangi maingī mathaka.
Coffee mosaics can be controlled by removing and destroying infected plants.,Gūceha na kweheria mathangū marīa mahutie nīkūninaga mūrimū wa coffee mosaics.
What are common pests that affect coffee ?,Nī tūtambi tūrīkū tūgūmagīra kahūa?
"Coffee berry borer: This is a small beetle that burrows into the fruit of the coffee tree, causing significant damage to the berries.",Coffee Berry Borer: Gaka nī kagunyū kaingagīra thīinī wa mbegū ya kahūa na gakamīthūkia mūno.
"The beetle can also transmit diseases, which can further harm the trees.",Kagūnyū gaka ningī no gatambie mīrimū īngī īngīthūkia mītī ya kahūa.
"Coffee leaf miner: This is a tiny insect that feeds on the leaves of the coffee tree, causing yellow or brown spots to form on the surface.","Coffee Leaf Miner: Gaka nī gatambi kanini karīyaga mathangū ma kahūa, gagatūma magīe na maroro ma ngoikoni na gītīri."
"The leaf miner can also transmit diseases, further harming the trees.",Gatambi gaka ningī no gatambie mīrimū īngīthūkia mītī ya kahūa.
"Coffee mealybug: This is a tiny, sap-sucking insect that feeds on the leaves and stems of the coffee tree.",Coffee Mealybug: Gaka nī gatambi kanini kanyuaga maaī kuuma mathangū-inī na itina-inī cia mītī ya kahūa.
The mealybug can cause the tree to become weakened and less productive.,Gatambi ka mealybugs gatūmaga mūtī wage hinya na ūnyihie magetha.
"Coffee thrips: This tiny, slender insect feeds on the coffee tree’s leaves and flowers.",Coffee Thrips: Gaka nīgatambi kanini gaceke karīaga mathangū na kīro gīa kahūa
"The thrips can cause the leaves to become distorted and discoloured, reducing the tree’s ability to produce fruit.","Thrips īthūkagia mūhanīre wa mathangū na mahūa,ona rangi wamo na mūtī ūkaremwo kūrata matūnda."
"Coffee mite: This is a tiny, spider-like insect that feeds on the leaves of the coffee tree.",Mbūmbūī ya kahūa: Gaka nī kagunyū kanini kahana mbūmbūī karīa karīaga mathangū ma mūtī wa kahūa.
"The mite can cause the leaves to become yellow and deformed, reducing the tree’s ability to photosynthesize.","Mbūmbūī īno ītūmaga mathangū matuīke ma rangi wa ngoikoni na magīe na mūhianīre ūngī, ūguo kūnyihia ūhoti wa mūtī gwīthondekera irio."
How to control coffee berry borer?,Kigunyū kīa mbegū cia kahūa kīngīninwo atia?
"Use of insecticides recommended insecticides against coffee berry borers;
LEXUS 247SC 8ml/20l
PROFILE 440EC 30ml/20l
RANGER 480EC 30ml/20l
KINGCODE ELITE 50EC 10ml/20l
SINOPHATE 750SP 20g/20l
PRESENTO 200SP 5g/20l","Hūthīra dawa ya tūtambi ta
LEXUS 247SC8mls/20l
PROFILE 440EC 30ml/20l
KINGCODE ELITE 50EC 10mls20l
SINOPHATE 850SP 20g/20l
PRESENTO 200SP 5g/20l"
"While spraying the insecticides, it is advisable to mix it with INTEGRA 3ml/20l, which improves the efficacy of the chemical.","Rīrīa ūkūhuhīra dawa, nī wega gūtukania na INTEGRA gwa ithimi cia milimita ithatū lita-inī mīrongo īrī cia maaī tondū nī ītūmaga dawa īrute wīra wega makīria."
Several insecticides should be alternated in a crop’s season in order to prevent the pest from gaining resistance over either of the chemicals.,Gūcenjania dawa kīmera-inī nīkūgiragia tūgunyū na tūtambi kūmenyera dawa īmwe.
"Practising rotations and intercropping to reduce pest population, Maintenance of field sanitation, Proper weed control",Kūgarūrira mīmera īria īrahandwo kahūa-inī nīkūnyihagia wūingī wa tūtambi hamwe na gūtheria mūgūnda na kūrīmīra kahūa.
Destroying the attacked berries by burying them deep in soil or by burning.,Gūthika mbegū irīa ndwaru cia kahūa irima-inī iriku kana gūcicina.
Setting baited traps in the pruned fields,Kūiga mītego thīinī wa kahūa gacehe.
Use of natural enemies of the coffee berry borer to reduce the population.,Hūthīra thū cia coffee borer gūcinyihia.
How to prevent green scales on coffee?,Ingīhota atīa kūrigīrīria ngūcī kahūa-īnī?
Prune and remove old branches and leaves so as to enhance aeration,Ceha kahūa nīgetha rīera rīhote gūcera wega.
"Avoid planting host plants such as avocados, guavas, pineapples, citrus, etc.as wind breaks","Ndūkahande mīmera īrīa yendetwo nī ngūcī ta mīkorobia,mainabu(mananathi), mabera(miharū) ona macungwa īrī mīmera ya kūhinga rūhuho."
"Improve shade by sparsely planting shade crops such as Graveillia spp., Leucena spp., or Macadamia spp. to encourage natural enemies.","Kūhanda mītī ītaganīte ya kīruru ta graveillia spp, Leucena spp, or Macadamia spp nī kūgucagīrīria thū cia kīīmerera cia ngūcī cia rangi wa ngirini."
How to control green scales on coffee?,Ingīhota atīa kūhukia ngūcī kahūa-inī?
"Apply with a brush at the base of the stem (1 foot from the base) a 15 cm wide band of a deltamethrin based product such as Decis 2.5 EC, Atom 2.5EC etc at the rate of 10-
15mls/20L of water mixed with 15 gms of Methylene blue which acts as a marker","Haka dawa īna Deltamethrin na kaburaci gītina-inī gīa kahūa futi imwe kuuma tīīri-inī ūthiūrūkītie mūtī na warie wa sentimita 15. Dawa ici nī ta Decis 2.5EC, na Atom 2.5EC na iringītio na gīthimi kīa milimita 10 nginya 15 hari lita mīrongo īrī cia maaī na ītukanio na Methylene Blue ya kuonania harīa hahake dawa."
Mode of action: pyrethroid with contact and residual activity.,Irutaga wīra na pyrethroid na njīra ya kūhutania.
Spray with mineral oils at 200 mls per 20 litres of water Spray with soapy solution (potassium soaps).,Hūra na maaī ma thabuni wa potassium mongereirwo mineral oils grams magana merī lita-inī mirongo īrī cia maaī.
"Introduce natural enemies such as. Cryptolaemus montrouzieri, Verticillium lecanii to reduce population of scales in the ecosystem.","Hūthīra thūū cia kīīmerera ta cryptolaemus montrouzieri, Verticillium Lecanii iria inyihagia ngūcī."
How to control Coffee Berry Disease on coffee?,Hihi īngīrūa atīa na mīrīmū ya mbegū cia kahūa?
Plant resistant varieties e.g. Ruiru 11 or Batian,Handa mīthemba īria ītiragia mīrimū ta Ruiru 11 kana Batian.
Prune properly after harvest to maintain open penetration and improve aeration,Nīwega gūceha thutha wa kūgetha nīgūo rīera rīkahota gūcera wega.
Remove old stems and thin out branches as the old stems are more susceptible than young ones,Ruta honge iria ngūrū na thari nīgūkorwo nīirī ūhūthū wa kūrwara ūkīringithania na iria itarī ngūrū.
Change the crop cycle after every 7 years,Garūrīra rūciaro thutha wa miaka 7.
Do a pre-rain preventive spray before the short and long rain seasons.,"Menyera kūhuhīra nīguo kūrigīrīria mbere ya mbura īringīte, mbura nini na ya kīmera."
"Pluck off diseased berries, collect in a container and destroy by burning or burying","Eheria mbegū iria ndwaru, ūciīkīre handu hamwe, ūcithike kana ūcicine."
Cut back the affected plants and graft gradually using resistant varieties like Ruiru 11 or Batian,Ceha honge iria ndwaru na ūciarithie ingī ūgītūmīra mīthemba īrīa īhotaga gwītiria mīrimū ta Ruiru 11 kana Batiani.
How to control Bacterial Blight of coffee?,Bacterial Blight ya kahūa ingīninwo atīa?
"Cultural control - proper pruning, minimising use of high N foliar feed formulations, splitting ground N application, sterilizing pruning tools (e.g. with Kerol 1% or Lysol 3% or methylated spirit),","Njīra cia kīīmerera: Gūceha wega, kūnyihia ūhūthīri wa mūtūkanio wa N foliar feed, niwega kūgayania N foliar feed, Gūthambia indo cia Guceeha na Kerol 1%, kana Lysol 3% kana Methylated spirit ."
"cutting off and burning infected twigs and branches, frequent de-suckering and avoiding transportation of seedlings from Bacterial Blight prone areas.","Gūtema na gūcina mahuti na honge ciothe ndwaru, kweheria thuna kaingī na gwīthema gūkua mīūngūrwa kuuma kūndū kūria kūgūmīirwo nī mūrimū wa Bacterial Blight."
• Chemical control - use of bactericides (Copper based products are most effective).,Hūthīra dawa cīkīrītwo copper nīūndū nīcio njega mūno.
"• During the wet weather, use Kasumin Bordeaux (Copper Sulphate plus Lime at 1:1 ratio).","Rīrīa kwīna mbura, hūthīra kasumin Bordeaux (copper sulphate na lime, ūigananītie icunji cia 1:1.)"
• A single spray after hailstorm to protect fresh wounds from infections is necessary.,Hūra ihūūra rīmwe kūngiura mbura ya mbembe nīguo kūgitīra mītī kūgīa ironda.
How to control bacterial blight of coffee?,ingīhota atīa kūgirīrīria mūrimū wa mbaa kahūa-ini?
Use of copper sprays especially during wet season.,Tūmīra dawa ya copper hīndī īrīa kwīna ūgunyu.
Spray at 2 week interval during the rains and 3 week interval after the rains.,Huhīra o thutha wa wiki igīrī hīndī ya mbura kana o thutha wa wiki ithatū rīrīa gūtarī mbura.
Plant shade trees and wind breaks on exposed sides of BBC areas. Avoid planting material from known BBC areas,Handa mītī ya kīruru na ya kūhinga rūhuho na ūrongoreirie icigo iria igūmagīrwo nī mūrimū ūyū. Wītheme kūhanda mīūngūrwa yumīte icigo iria irī na mūrimū.
How to control coffee wilt?,Hihi njīra cia kūrūa na mūrimu wa kūhoha gwa kahūa nī iriku?
The disease is caused by a fungus living in the soil and dead infected plant materials.,Mūrimū ūyū ūrehagwo nī fungus iria cikaraga tīīri-inī ona mīmera-inī īrīa mīrwarū kana mīūmū
The fungus enters the plant through wounds on the stem and roots. The fungus grows inside the plant and blocks the movement of water up the plant.,Fungus īhotaga kūingīra thīinī wa mīmera kūhītūkīra ironda irī honge-inī na itina-inī. Fungus ītheremagīra thīiniī wa mūtī na īkagiria maaī kūhetūka na nīūndū ūcio mīmera īyo īkahoha.
"Without water, the leaves wilt.","ītarī na maaī, mathangū makahoha."
Why do coffee berries fall?,Mbegū cia kahūa igūaga kuuma mītī-inī nīkī?
Coffee Berry Disease or nutrients deficiency.,Igūaga nīūndū wa kūrwara kana kwaga irio ciakūigana
How to manage Leaf Rust in coffee?,Ingīgīrīrīria atīa kūhīa kwa mathangū kana leaf rust ya kahūa?
Cultural control - Proper and timely pruning and regular change of cycle.,kūgitīra na njīra ya ūndūire- gūceha wega hīndī īrīa yagīrīire na kūgarūra mīmera
Chemical control - This entails the use of recommended Copper- based fungicides.,Kūgitīra na njīra ya dawa- kūhūthīra dawa jītīkīrīku īrī na mūtūkanio wa copper
Timing is critical for the control of leaf rust and the sprays should be applied before the commencement and during the early period of the rainy season.,Ihinda ria kūhūhīra nī riabata na kuogwo dawa yagīrīirwo kūhuhīrwo mbere ya mbura kūringa kana kīambīrīria-inī yaringa.
For effective management:Start the 1st round of sprays just before the short rains and repeat 3 weeks later.,"Nīgetha dawa īno īhūthīke wega, ambīrīria kūhuhīra rita rīa mbere kīambīrīria kīa mbura nini na ūcokere thutha wa wiki ithatū."
Start the 2nd round of sprays before the onset of long rains and do 2 more at 3 weeks interval.,"Ūkīhuhīra rita rīa keerī, huhīra mbura ya kīmera ītanaringa na ūcokere maita mangī merī o thutha wa wiki ithatū."
"In case the infection is severe (20% of leaves have rust), it is necessary to use a systemic fungicide such as Alto or Bayleton.","Kungīkinyīrīra atī mathangū nīmacurīte mūno, noūhūthīre dawa cia mūhianīre ya fungicide ta Alto na Bayleton iria irutaga wīra wega makīria."
Do not spray more than 2 times a year as it affects production of plant hormones leading to hormonal imbalance such as the balance between floral and vegetal inducing hormones.,Ndūkahuhīre maita makīrīte merī tondū nogūcenjie maūndū ma hormone iria ciigananagia ūruti wa mahūa na mathangū.
This may affect flowering and thus production.,Ūndū ūyū no ūhotomie ūruti wa kīro na waage maciaro meega.
Adhere to the spray programme. Improper use of fungicides may lead to development of resistance by the pathogen.,Twarana na mūtaratara wa kūhuhīra nīūndū ūngīhūthīra dawa mūno no gūcūngīrīrie tūtambi na tūrūgi tūgie ūkirīrīria wa dawa ici na tūkaga kūhuka.
Resistant varieties - Planting of disease resistant varieties,Mīmera ītiragia mīrimū-Handa mīmera īrahota gwītiria mīrīmū
What is the best fungicide for coffee berry disease?,Dawa njega ya kūrūa na mīrimū ya mbegū cia kahūa nī īrīku?
Cabrio 250 EC. Cabrio®  solution can be used to control coffee berry disease with the AgCelence® effect which translates to increased yield and quality.,Cabrio 250 EC. Cabrio® īrīa īteithagīrīria kūgitīra mūrimū wa mbegū cia kahūa na ūtukanie na AgCelence® nīgetha magetha maingīhe.
How to control Fusarium Bark Disease?,ūngīhota atīa kūgirīrīria mūrimū wa Fusarium Bark?
Avoid deep planting.Keep soil pH at optimum (4.4-5.4).,Ndūkahande kahūa ūrikītie mūno. Menyerera ūrūrū wa tīīri ūkorwo gatagatī-inī ka ithimo cia pH4.4 nginya 5.4.
Proper application of mulch (6” from the stump) to avoid Collar rot.,Ara mūceng'i wega inji 6'' nīguo ūgirie kūbutha kwa mūtī kuuma harīa mīri yambīrīirie.
Sterilising of pruning tools with methylated spirit.,Hebata gūthambia wega indo cia gūceha na menthylated spirit nīguo njamuthi ikue.
Eliminate wood boring insect pests e.g. yellow headed borer.,Eheria īgunyū iria ithegethaga mītī ta yellow headed borer
This can be done by maintaining soil potash at optimal level as per soil analysis recommendations.,Ūndū ūyū no ūhoteke na njīra ya gūtigīrīra atī soil potash ī ithimo-inī iria ciagīrīire kūringana na maumerīra na ūthuthuria wa tīīri.
Uproot and burn all infected trees having die bark from Collar rot.,Munya na ūcīne mītī yothe īrīa īna mūrimū ūyū.
How to control Mealy bug management in coffee?,Njīra cia kūrūa na mealybugs kahūa-in nī irīkū?
"If no chemicals are sprayed, the mealybugs are often naturally controlled by parasitic wasps (Anagyrus kivuensis) that eat inside the bug.","Angīkorwo dawa itikūhūthīka, gatambi ka mealybugs karūagwo nako na njīra ya kūrekereria igi mūthemba wa Anagyrus kivuensis iria irīaga gatambi gaka."
Band tree trunks with 20 cm wide plastic bands covered with a sticky substances (e.g. warmed up and then cooled oils) mixed with insecticides (e.g. products containing chlorpyrifos) to prevent ants assessing the bugs.,Oha mītī na tūratathi twa mīnyore tūrī na warie wa sentimita 20 tūhakītwo ngamu na nīwega kūongerera magūta manini ma kūria matukanītio na dawa mūthemba wa chlorpyrifos nīundū wa mūthūa ūria ūngikorwo ūkīenda kuria tūtambi tūu twa mealybugs.
Be careful when mixing pesticides because they are toxic (WHO toxicity class II moderately hazardous).,Nīwega kwīmenyerera ūgītukania dawa nīūndū nī ūrogi wa kīrathi gīa kerī ūngīgūthūkīra kūringa na WHO.
"Remove suckers and branches that touch the ground to prevent ants.Spray the ground where ant nests are located by using insecticides, but they are toxic to you.",Nīwega kweheria thuna na honge iria ihutanītie na tīīri na ūhūre dawa rungu rwa mūti kūria mūthua ūngikorwo wakīte.
Products containing malathion are slightly hazardous (WHO toxicity class III).,"Kūringana na WHO, dawa īrī na Malathion, nīirī thumu ūtarī mūrūrū mūno(WHO toxicity class IIII)."
"Products containing dimethoate, diazinon, ethion, carbaryl are more toxic (class II, moderately hazardous).","Nacio dawa mīthemba ya dimethoate, diazion, ethion, na carbaryl nīirī thumu mūrūrū makīria na nīūndū ūcio igakorwo cia kīrathi gīa kerī, kana class II."
Wear protective clothing. Read and follow product label.,Hebata ūgekīra nguo cia kwīgitīra rīrīa ūkūhutania na dawa ici. Nīwega ūgathoma mataro ma dawa ūtambīrīirie kūhūthīra.
"Apply oils (such as vegetable oils, neem oil or mineral oils) or soapy solutions (1 to 2%) to kill mealy bugs by suffocation.","No ūhūthīrie maguta mīthemba ya kūruga, Neem oil na mineral oil, kana thabuni kūraga tūtambi twa mealybugs kwa njīra ya gūtuima rīera."
"Use soapy water or oils only during non-hot and non-sunny periods to prevent discolouration of leaves. Prior to applying them extensively, apply to a branch and after 48 hours check for adverse reactions of the coffee plant","Maaī marī thabuni na maguta ihūthīrwo rīria gūtarī ūrugarī mūīngī kana rīua ihiū nīūndū mathangū nomagarūrūke rangi wamo. Mathaa 48 mbere ya kūhaka mathangū, honge ciambīrīre."
How to control pest and disease in coffee?,Njīra cia kūgitīra kahūa kumana na tūtambi na mīrimū nī irikū?
Planting resistant Varieties:  Breeding and cultivating coffee varieties that are naturally resistant to common diseases can significantly reduce the need for chemical treatments.,Kūhanda mīthemba īhotaga gūtiria mīrimū: Gūciarithania na gūkūria mīthemba īria īhotaga gūītiria mīrimu no gūteithie mūno kwagithia bata wa kūhūraga dawa maita maingī.
Research and development efforts should focus on creating disease-resistant coffee cultivars that maintain quality and yield.,Ūthuthuria ūbatiī gūteithia gūthodeka kahūa mūthemba ūria ūrīkoragwo na magetha maingī na kahūa kena mūcamo mwega.
"Practicing Integrated Pest Management (IPM): Adopting IPM practices involves monitoring, prevention, and intervention strategies to manage pests and diseases.","Ūtungata wa IPM. Ūtungata ūyū ūtukanagia kūrora kahūa kaingī, kūgirīrīria, na kūhūra dawa kana ūna njīra īngī cia kūnina mīrimū na tūtambi. Mworoto wa IPM nī kūnyihia ūhūthīri wa dawa ."
What are the consequences of harvesting unripe coffee berries?,Maumīrīra ma kūgetha kahūa gatari keeru nī marīkū?
Picking green coffee cherries can have several harmful effects on both the coffee plants and the overall quality of the coffee produced. Some potential consequences:,Kūgetha kahūa karī geethī no gūkorwo na maumīrīra moru kūrī mūtī na mūcamo wa kahua. Maūndū maya nīta:
"Reduced Yield and Quality: Green coffee cherries have not reached full maturity, meaning they haven't developed their full flavor potential.","kūnyiha kwa magetha na mūcamo mūru- kahūa ka ngirini tigakūrū, kuuga gatikinyītie mūcamo ūria mwega wendekaga."
Picking them prematurely can result in lower-quality coffee with less desirable taste characteristics.,Gūtua kahūa gatari keeru no gūtūme gīkiro gia kahūa karia gegūthīo gīthii thī na anyui mage gūkenda.
Lower Coffee Bean Weight: Green coffee cherries are heavier than ripe ones.,kūhūtha mūno gwa kahūa karia gakonyore- kahua gatari keeru nī karitu gūkira kahūa keeru.
Picking them before they are fully mature can lead to a lower overall yield as the beans haven't had the chance to reach their maximum weight.,Gūtua mbegū ici mbere ya ikūre no gūtūme maciaro manyihe nīūndū mboco icio cia kahūa itiyarekirwo īkūre īkīrīkia.
Impact on Plant Health: Picking green cherries may stress the coffee plants.,Maumīrīra harī mūtī wa kahūa- gūtua kahūa gatari keeru ni gūtigaga mītī ya kahaū īgatangīka
"The energy invested in producing those cherries is lost, and the plant may take longer to recover.",Hinya ūria wahūthīkīte gūthondeka matunda mau ūkorīra na mītī īkoya ihinda inene kūhona.
This can impact the overall health of the coffee plants and their ability to produce high-quality beans in subsequent harvests.,Ūndū ūyū no ūtūme mūtī wa kahūa wage riri na hinya wa gūciara kahūa kega mahinda megūka.
"Reduced Cupping Score: In the coffee industry, the quality of coffee is often assessed through a process called cupping.","Kūgūithia mūcamo wa kahūa- thīinī wa thoko cia kahūa, mūcamo wa kahūa ūthimagwo na njīra ītagwo cupping."
"Coffee made from green cherries is likely to receive a lower cupping score compared to coffee made from fully mature cherries, affecting its market value.","Gīkombe kīrīa gīthondeketwo na kahūa gatarī keeru gīkoragwo gīa gīkīro gīathī ūkīringithania na karia keeru, ūndū ūyū no ūgūithie thogora wa kahūa."
Economic Consequences: Picking green coffee cherries can have economic consequences for coffee farmers.,Maumīrira ma marīhi- kūgetha kahūa gatarī keeru no kūrehere mūrīmi hathara.
"The lower quality and reduced yield can result in lower income for the farmers, impacting their livelihoods and the economic sustainability of coffee production in a region.",Gīkīro gīathī gīa kahūa na ūnyihu wa magetha kūhotomagia ūtūūro wa mūrīmi na mīrīmīre ya kahūa īkaritūha.
Environmental Impact: Picking green cherries may contribute to environmental degradation.,Ūgarūrūku wa marīa matūrigicīirie- kūgetha kahūa gatarī keeru nīgūthūkagia marīa matūrigicīirie.
"If there is a consistent practice of harvesting immature cherries, it can disrupt the natural balance of the ecosystem, affecting soil health and biodiversity.","Angīkorūo mūtugo wa kūgetha kahūa gatarī keeru nīūgūthī na mbere, ūndū ūyū nīūhīngīcaga wūigananu wa maūndū mathī, ūgima mwega wa tīīri na indo iria ciīmuoyo."
"Quality Consistency: Coffee flavor profiles can vary widely based on factors like altitude, climate, and soil.","kwaga gutwarana kwa maumīrīra- mucamo wa kahua noukorwo na ngūrani kuringana na maūndū ta matūūra, riera na tīīri."
"Picking green cherries can introduce inconsistency in flavor, making it challenging for coffee producers to maintain a consistent and high-quality product.",Kūgetha kahūa geethī nogūcenjie mucamo wako na ūndū ūyū ūkaritūhīra arīmī ūkūria-inī wa kahūa karī na mūcamo mwega
How do you know coffee is ready for harvesting?,Ingīhota atīa kūmenya kahūa nīgakinyu ga kūgethwo?
The fruit is initially green and turns red when it is ready for harvesting.,"Itunda rīa kahūa mbere rīkoragwo rīrī rīa rangi wa ngirini na nīrīcokaga rīkagarūra rangi ūgatūīka mūtune, rīkonania nīikinyu rīa kūgethwo."
When do you harvest coffee berries?,Hihi kahūa kagethagwo rīī?
Harvesting time varies by region and altitude.,Ihinda rīa kūgetha kahūa rīringanaga na itūūra na irīma.
Only the ripe berries should be harvested because immature and overripe berries yield poor bean quality.,Nīwega kūmenya atī kahūa keeru tu nīko gabatīe gūtuo. Kahūa keeru makīria kana gatarī gakūrū gatirī mūcamo mwega.
"Coffee is harvested by hand by one of two ways, i.e., strip picking or selective picking.","Kahūa kagethwo na moko, no ūbure mītī kana ūthure karia keeru gatheri"
What is the process of coffee after harvesting?,Kahūa gekagwo maūndū marīkū thutha wa kūgethwo?
"This process involves harvesting, pulping, fermenting, washing, drying, hulling, cleaning, grading, sorting, storing and transporting green beans.","Maūndū maya nī hamwe na kūgetha, gūkonyorwo, kūrinda nīguo kagīe mūcamo, gūthambia, gūthurania, kūiga thitoo na gūkuithia."
The process can be broadly divided into two main components - Wet Processing (cherry to dry parchment) and Dry Processing (dry parchment to exportable green bean),Maūndū maya no magayanio maita merī; Wet Processing (cherry to dry parchment) na Dry Processing (dry parchment to exportable green bean)
How to harvest quality coffee?,Ingīhota atīa kūgetha kahūa kega?
How many times is coffee harvested in a year in Kenya?,Kahūa kagethagwo maita maigana būrūri-ini wa kenya?
What is the best way to harvest coffee?,Nī njīra īrīkū njega ya kūgetha kahūa?
"Most coffee beans are harvested by hand, in which they can be strip picked or selectively picked.","Kaingī, kahūa kagethwo na moko, na mītī no īburwo yothe kana kagethwo gagīcagūragwo karīa geethī gagītigagwo mītī-inī."
The topography of certain regions means machine harvesting is not always possible owing to the steep terrain.,Ningī mīgūnda īngī nī mīinamu mūno ūndū macini itangīhūthīka.
What is the process of coffee after harvesting?,Kahūa gekagwo maūndū marīkū thutha wa kūgethwo?
"This process involves harvesting, pulping, fermenting, washing, drying, hulling, cleaning, grading, sorting, storing and transporting green beans.","Kahūa kahetūkagīra mūtaratara ūyū: kūgetha, gūkonyora, kūrinda, gūthambia, kūūmithia, kūhīhia, gūthurania na irathi, gūchagūrania, kūiga thitoo na gūkuithia karīkia gūkonyorwo."
The process can be broadly divided into two main components - Wet Processing (cherry to dry parchment) and Dry Processing (dry parchment to exportable green bean),Mūtaratara ūyū no ūgayūkanio maita merī- Wet Processing (cherry to dry parchment) na Dry Processing (dry parchment to exportable green bean)
How to harvest quality coffee?,Hihi kahūa kega kangethagwo atia?
The process of harvesting coffee beans is an important part of the coffee production process and has a major impact on the quality of the final product.,Njīra īrīa kahūa kagethagwo nayo nī yabata mūno nīūndū nīyo ītūmaga kahūa kagīe mūcamo mwega kana kaage karīkia gūthīo
Below is an overview of how to harvest high-quality coffee beans:,Īno nīyo njīra ya kūgetha kahūa īrīa īgūkahe mūcamo mwega makīria.
Choose harvest time: Harvest time affects the maturity of coffee beans.,Thura ihinda rīa kūgetha. Ihinda rīa kūgetha nīrīhutagia mūkūrīre wa mboco cia kahua.
Choosing the time to harvest must ensure that the seeds have reached optimal maturity.,Gūcagūra ihinda ria kūgetha no mūhaka rīkorwo nī rīrīa kahūa karīkia kwīIruha wega.
"For some types of coffee, this process lasts from several weeks to several months.",Mithemba ngūrani ya kahūa yoyaga ihinda rītiganīte gūkūra kuuma wiki nginya mīeri.
Harvesting method: There are two main methods for harvesting coffee: hand harvesting and machine harvesting.,"Njīra ya kūgetha: Njīra nī igīri cia kūgetha, nacio nīgūtua na moko kana na macini."
"Hand harvesting is often preferred for high-quality coffees, where the process requires meticulousness and selection.",Gūtua na moko nīkūo kwedagwo nīūndū mūndū nīahotaga gūthura karia kega na gakūrū rīrīa egūtua.
Harvesters are often used for larger and more cost-effective harvests.,Macini ihuthagīrwo mīgūnda-inī īrīa mīnene nīundu nīihotaga gūtua kahūa kaingī kwa kahinda kanini na ningī ngarama īkoragwo irī nini.
"Bean selection: After harvesting, coffee bean selection is the next important step. Coffee beans are often selected to eliminate those that are of poor quality or have defects.","Gūthura mbegū cia kahūa: Thutha wa kūgetha, mbegu cia kahua ibataraga gūcagūranio nīgetha iria cia gīkiro gīathi na iria irī na wathe cieheranio na iria njega."
"Processing process: After being harvested, coffee beans often need to go through processing steps such as peeling, drying, or cooking to remove the skin and coffee beans and create a high-quality product.","Gūthīa kahūa: thutha wa kūgetha, kahūa kahītūkagira makinya ta gūkonyora, kūūmithia kana gūcina niguo kagie mūcamo mwega."
Storage conditions: Coffee beans need to be stored at stable temperature and humidity conditions to ensure that they are not damaged and retain their best flavor.,Kūiga thitoo: Kahūa no mūhaka kaigwo kūndū gūtarī ūrūgarī mūingī kana ona ūgunyu nīgwo gatigate mūcamo.
How do you sort coffee?,Hihi kahūa gacagūranagio atīa?
"Cherry is sorted out before pulping, which helps to remove the immature, diseased, insect damaged and dry berries as well as the leaves, twigs and other foreign matter.","Mbegū cia kahūa icagūranagio mbere ya gūkonyorwo. Ūndū ūyū ūteithagia kweheria iria itarī njīrū, iria ndwaru, iria ithūkitio nīigūnyū, iria nyūmū ona mahuti kana indo ingī."
The sorted out berries are then ready for processing.,Mbegū iria njega tu nīcio ithiaga nambere gūthondekwo.
What are the grades of coffee in Kenya?,Hihi irathi cia mbegū ngonyore cia kahūa Kenya nī irīkū?
"Currently, there are 8 Kenyan coffee bean grades: E, PB, AA, AB, C, TT, T, and MH/ML.","kwa ihinda rīrī, Kenya kwīna irathi  inyanya cia kahūa na nīcio; E, PB, AA, AB, C, TT, T, na MH/ML."
Grades are given to coffee beans before roasting to determine their size.,Kahūa gacagūranagio na īrathi kūringa na ūnene wa mbegū mbere ya kūhīhio.
Bean size is important since beans of the same size roast at the same rates.,Wūigananu wa mbegū nī wa bata nīūndū mbegū iria cīiganaine nīihīanagīra.
How should coffee be stored?,Hihi kahūa kagīrīirwo kūigwo atīa?
"Coffee stores should be dry, clean and well ventilated.","Makūmbī ma kahūa no mūhaka makorwo marī matherū, matarī na wūigū, na marī na riera rīracera thīinī wega."
Never store or keep chemicals in a coffee store. Keep fully dry coffee beans on wooden tables or floors or even in ventilated bins.They should be stirred or turned every day for 10 days before bagging.,Ndūkanaige dawa thitoo-inī ya kahūa. Hebata kūiga kahūa komithio wega igūrū ria metha cia mbaū na gaikare gakīgarūragwo gwa thikū ikumi mbere ya gwīikīra makūnia-inī.
They must be put in sacks as they come from the drying tables. Place bags on wooden battens 15 cm above the ground or concrete floor and away from walls.,"Kahūa gakīrutūo mīnanda-inī karīkia kūūma, gekīrwo makūnia-inī namo macoke maigīrīrwo igūrū ria mbaū, sentimita 15 kuuma floo-inī na matikahutanie na thingo."
Do not store close to corrugated iron sheets.,Ningī hebata makūnia maya matigakuhīrīrie mabati.
Store for a minimum of 4 weeks and a maximum of 6 months. After that beans become woody. A relative humidity in the store of 60% at 20deg celcius is suitable.,Kahūa rīu no kaigīke kwa ihinda rīa wiki inya nginya mīeri ītandatū. Thutha ucio nīkomaga mūno. ūgunyu wa 60% na ūrūgarī wa 20 degrees nīcio itthimi iria ciagīrīire.
"To preserve your beans' fresh roasted flavor as long as possible, store them in an opaque, air-tight container at room temperature.","Nīgūo gūtūria mūcamo mwega wa kahūa kahīhie, nīgegūbatara kūigwo mūkebe-inī ūtarahetūkia rīera kana ūtheri, na wūigūo handū hahehu."
"Coffee beans can be beautiful, but avoid clear canisters which will allow light to compromise the taste of your coffee. Keep your beans in a dark and cool location.","Mboco cia kahūa noikorwo irī thaka, no nīwega kwaga gūciīkera mūkebe-inī ūrona nīūndū ūtheri nīūtūmaga īgatee mūcamo. Kuogwo cīigwo handū hatarahetūkia ūtheri na hahehu."
How to store coffee for a long time?,ūngīiga kahūa ihinda iraya atīa?
"Use an opaque, airtight container, should do the trick, but if the bag your coffee came in has an airtight closure, such as a zip-top seal, you can use that.","Hūthira gīkabu gītekūhetūkia ūtheri, kana rīera."
"Squeeze any additional air out of the bag before closing the seal. Store coffee bags in a cool, dark, and dry area.","Mbere ya kūoha, geria kūruta rīera kuuma gīkabu-inī ūcoke wūige gīkabu kīu handū hahehu, hena ndūma na hatarī na wūigū."
How to dry coffee?,Kahūa komithagio atīa?
"Use drying beds that provide aeration from above and below, with a height of approximately 1 m and a width of approximately 1.2m.",Hūthīra itanda ciretīkīria rīera gūcera kuuma nathi na naiguru irī na ūraihu wa mita 1 na warie wa mita 1.2.
It ensures good aeration which leads to even drying and hence high quality coffee,Riera nīrīhotaga gūcera wega nakahūa nikomaga wega na gagakorwo na mūcamo mwega
How to keep records in coffee?,Ingīiga atia rekondi cia kahūa?
"A record of activities should indicate when a task was performed , the time taken and cost","Rekodi yagīrīire kūonania riria wira warutirwo, muigana wa kahinda karia woire, na ngarama"
How much profit on coffee farming?,Kahūa kangīhe baida īigana atia?
Coffee has an average yield of 1-1.5 tons per īka.,Kahūa kaingī nīgaciaraga tani 1-1.5 kuuma īka-inī īmwe.
"One ton of coffee can be sold at KES 350,000, translating to a potential income of KES 350,000 to KES 525,000 per īka","Tani īmwe ya kahua no īgūrūo KES 350,000, iria ingirehe maumirira ma mbeca mūigana wa KES 350,000 nginya KES 525,000 harīīka īmwe"
